BITS ID,Course,Total Marks
2025A7PS0101P,MATH F111 (Mathematics I),43
2025A7PS0102P,MATH F111 (Mathematics I),70
2025A7PS0103P,MATH F111 (Mathematics I),67
2025A7PS0104P,MATH F111 (Mathematics I),81
2025A7PS0105P,MATH F111 (Mathematics I),54
2025A7PS0106P,MATH F111 (Mathematics I),49
2025A7PS0107P,MATH F111 (Mathematics I),67
2025A7PS0108P,MATH F111 (Mathematics I),27
2025A7PS0109P,MATH F111 (Mathematics I),54
2025A7PS0110P,MATH F111 (Mathematics I),66
2025A7PS0111P,MATH F111 (Mathematics I),76
2025A7PS0112P,MATH F111 (Mathematics I),46
2025A7PS0113P,MATH F111 (Mathematics I),47
2025A7PS0114P,MATH F111 (Mathematics I),82
2025A7PS0115P,MATH F111 (Mathematics I),41
2025A7PS0116P,MATH F111 (Mathematics I),62
2025A7PS0117P,MATH F111 (Mathematics I),36
2025A7PS0118P,MATH F111 (Mathematics I),69
2025A7PS0119P,MATH F111 (Mathematics I),40
2025A7PS0120P,MATH F111 (Mathematics I),22
2025A7PS0121P,MATH F111 (Mathematics I),45
2025A7PS0122P,MATH F111 (Mathematics I),80
2025A7PS0123P,MATH F111 (Mathematics I),73
2025A7PS0124P,MATH F111 (Mathematics I),69
2025A7PS0125P,MATH F111 (Mathematics I),53
2025A7PS0126P,MATH F111 (Mathematics I),32
2025A7PS0127P,MATH F111 (Mathematics I),50
2025A7PS0128P,MATH F111 (Mathematics I),60
2025A7PS0129P,MATH F111 (Mathematics I),48
2025A7PS0130P,MATH F111 (Mathematics I),60
2025A7PS0131P,MATH F111 (Mathematics I),47
2025A7PS0132P,MATH F111 (Mathematics I),58
2025A7PS0133P,MATH F111 (Mathematics I),74
2025A7PS0134P,MATH F111 (Mathematics I),48
2025A7PS0135P,MATH F111 (Mathematics I),63
2025A7PS0136P,MATH F111 (Mathematics I),77
2025A7PS0137P,MATH F111 (Mathematics I),62
2025A7PS0138P,MATH F111 (Mathematics I),47
2025A7PS0139P,MATH F111 (Mathematics I),63
2025A7PS0140P,MATH F111 (Mathematics I),36
2025A7PS0141P,MATH F111 (Mathematics I),51
2025A7PS0142P,MATH F111 (Mathematics I),47
2025A7PS0143P,MATH F111 (Mathematics I),47
2025A7PS0144P,MATH F111 (Mathematics I),67
2025A7PS0145P,MATH F111 (Mathematics I),72
2025A7PS0146P,MATH F111 (Mathematics I),56
2025A7PS0147P,MATH F111 (Mathematics I),64
2025A7PS0148P,MATH F111 (Mathematics I),80
2025A7PS0149P,MATH F111 (Mathematics I),52
2025A7PS0150P,MATH F111 (Mathematics I),77
2025A7PS0151P,MATH F111 (Mathematics I),59
2025A7PS0152P,MATH F111 (Mathematics I),41
2025A7PS0153P,MATH F111 (Mathematics I),70
2025A7PS0154P,MATH F111 (Mathematics I),52
2025A7PS0155P,MATH F111 (Mathematics I),54
2025A7PS0156P,MATH F111 (Mathematics I),46
2025A7PS0157P,MATH F111 (Mathematics I),78
2025A7PS0158P,MATH F111 (Mathematics I),61
2025A7PS0159P,MATH F111 (Mathematics I),50
2025A7PS0160P,MATH F111 (Mathematics I),62
2025A7PS0161P,MATH F111 (Mathematics I),79
2025A7PS0162P,MATH F111 (Mathematics I),38
2025A7PS0163P,MATH F111 (Mathematics I),40
2025A7PS0164P,MATH F111 (Mathematics I),46
2025A7PS0165P,MATH F111 (Mathematics I),33
2025A7PS0166P,MATH F111 (Mathematics I),38
2025A7PS0167P,MATH F111 (Mathematics I),67
2025A7PS0168P,MATH F111 (Mathematics I),59
2025A7PS0169P,MATH F111 (Mathematics I),47
2025A7PS0170P,MATH F111 (Mathematics I),46
2025A7PS0171P,MATH F111 (Mathematics I),75
2025A7PS0172P,MATH F111 (Mathematics I),42
2025A7PS0173P,MATH F111 (Mathematics I),52
2025A7PS0174P,MATH F111 (Mathematics I),64
2025A7PS0175P,MATH F111 (Mathematics I),47
2025A7PS0176P,MATH F111 (Mathematics I),41
2025A7PS0177P,MATH F111 (Mathematics I),44
2025A7PS0178P,MATH F111 (Mathematics I),44
2025A7PS0179P,MATH F111 (Mathematics I),44
2025A7PS0180P,MATH F111 (Mathematics I),59
